{
    "days": ["Montag", "Dienstag", "Mittwoch", "Donnerstag", "Freitag", "Samstag", "Sonntag"],
    "times": [
      "08:00", "08:30", "09:00", "09:30", "10:00", "10:30", "11:00", "11:30", "12:00",
      "12:30", "13:00", "13:30", "14:00", "14:30", "15:00", "15:30", "16:00", "16:30",
      "17:00", "17:30", "18:00", "18:30", "19:00", "19:30", "20:00"
    ],
    "leagues": ["", "Kreisklasse", "Kreisliga", "Kreisoberliga", "Landesklasse", "Landesliga", "Verbandsliga"],
    "age_classes": ["", "Herren", "Frauen", "Ü40", "U19", "A-Jugend", "B-Jugend", "C-Jugend", "D-Jugend", "E-Jugend", "F-Jugend", "G-Jugend"],
    "sports": ["Fußball", "Tischtennis", "Volleyball"]
  }
  