{
    "width": 1080,
    "height": 1350,
    "y_offset": 235,
    "capacity": 5,
    "match_height": 150,
    "background_path_Fußball": "./config/backgrounds/Fußball-4-5.svg",
    "background_path_Tischtennis": "./config/backgrounds/Tischtennis-4-5.svg",
    "background_path_Volleyball": "./config/backgrounds/Volleyball-4-5.svg",

    "content": "<rect x=\"100\" y=\"{y_offset}\" width=\"863\" height=\"{match_height}\" fill=\"#fefefe\" opacity=\".9\" rx=\"25\" ry=\"25\"/>\n<text x=\"125\" y=\"{y_offset + 35}\" font-size=\"28\" fill=\"#0862aa\" font-family=\"Franklin Gothic Demi Cond\" font-weight=\"500\">{match.age_class.upper()} - {match.league.upper()}</text>\n<text x=\"125\" y=\"{y_offset + 80}\" font-size=\"43\" fill=\"#0862aa\" font-family=\"Franklin Gothic Medium Cond\" font-weight=\"100\" >{match.home} {match.home_suffix}</text>\n<text x=\"{125}\" y=\"{y_offset + 125}\" font-size=\"43\" fill=\"#0862aa\" font-family=\"Franklin Gothic Medium Cond\" font-weight=\"100\" >{match.away} {match.away_suffix}</text>\n<text x=\"{width - 265}\" y=\"{y_offset + 105}\" font-size=\"46\" fill=\"#0862aa\" font-family=\"Franklin Gothic Medium\" font-weight=\"800\" text-anchor=\"middle\">{match.home_score} : {match.away_score}</text>\n<text x=\"{width - 265}\" y=\"{y_offset + 135}\" font-size=\"28\" fill=\"#0862aa\" font-family=\"Franklin Gothic Medium\" font-weight=\"600\" text-anchor=\"middle\">{match.other}</text>\n<text x=\"{width - 265}\" y=\"{y_offset + 60}\" font-size=\"28\" fill=\"#0862aa\" font-family=\"Franklin Gothic Demi Cond\" font-weight=\"600\" text-anchor=\"middle\">{match.day} {match.time}</text>\n"
}
  